date,admin_level_1,state,tests_increase,tests_total,tests_pending,cases_positive_increase,cases_positive_total,cases_negative_increase,cases_negative_total,deaths_increase,deaths_total,recovered_total,hospitilzations_current,hospitalizations_increase,hospitalizations_total,icu_current,icu_total,ventilator_current,ventilator_total,last_checked_ts
2021-03-07,56,56,1170059,363825123,11808,41835,28756489,131835,74582825,842,515151,,40199,726,776361,8134,45475,2802,4281,2021-03-07 23:59:59.000000 UTC
2021-03-06,56,56,1430992,362655064,11783,60015,28714654,143835,74450990,1680,514309,,41401,503,775635,8409,45453,2811,4280,2021-03-06 23:59:59.000000 UTC
2021-03-05,56,56,1744417,361224072,12213,68787,28654639,271917,74307155,2221,512629,,42541,2781,775132,8634,45373,2889,4275,2021-03-05 23:59:59.000000 UTC
2021-03-04,56,56,1590984,359479655,12405,65487,28585852,177957,74035238,1743,510408,,44172,1530,772351,8970,45293,2973,4267,2021-03-04 23:59:59.000000 UTC
2021-03-03,56,56,1406795,357888671,11778,66836,28520365,267001,73857281,2449,508665,,45462,2172,770821,9359,45214,3094,4260,2021-03-03 23:59:59.000000 UTC
2021-03-02,56,56,1343519,356481876,11196,54248,28453529,255779,73590280,1728,506216,,46388,1871,768649,9465,45084,3169,4257,2021-03-02 23:59:59.000000 UTC
2021-02-26,56,56,1803309,350920316,11945,74857,28225595,276829,72807735,2141,500349,,51112,1868,763447,10466,44791,3466,4247,2021-02-26 23:59:59.000000 UTC
2021-02-25,56,56,1826144,349117007,11813,75565,28150738,272209,72530906,3138,498208,,52669,2047,761579,10846,44636,3567,4240,2021-02-25 23:59:59.000000 UTC
2021-02-24,56,56,1450666,347290863,12548,73258,28075173,245318,72258697,2447,495070,,54118,2172,759532,11026,44534,3685,4227,2021-02-24 23:59:59.000000 UTC
2021-02-23,56,56,1193835,345840197,11200,69105,28001915,225267,72013379,2241,492623,,55058,2164,757360,11272,44420,3755,4214,2021-02-23 23:59:59.000000 UTC
2021-02-22,56,56,1201247,344646362,9499,52530,27932810,123611,71788112,1235,490382,,55403,1305,755196,11536,44266,3804,4200,2021-02-22 23:59:59.000000 UTC
2021-02-19,56,56,1878033,340921639,8711,74676,27749224,224755,71365933,2477,485700,,59882,2674,751162,12491,44085,4118,4187,2021-02-19 23:59:59.000000 UTC
2021-02-18,56,56,1345849,339043606,8679,66824,27674548,218491,71141178,2616,483223,,62224,2497,748488,13036,43964,4180,4178,2021-02-18 23:59:59.000000 UTC
2021-02-17,56,56,1298421,337697757,8548,66839,27607724,233666,70922687,2348,480607,,63329,2857,745991,13094,43823,4271,4154,2021-02-17 23:59:59.000000 UTC
2021-02-16,56,56,1053698,336399336,11547,56312,27540885,101102,70689021,1353,478259,,64457,2094,743134,13607,43673,4415,4149,2021-02-16 23:59:59.000000 UTC
2021-02-15,56,56,1123560,335345638,11494,55077,27484573,143388,70587919,1078,476906,,65379,1130,741040,13790,43553,4468,4143,2021-02-15 23:59:59.000000 UTC
2021-02-14,56,56,1439631,334222078,11515,72164,27429496,171877,70444531,1366,475828,,66947,1236,739910,14038,43516,4542,4141,2021-02-14 23:59:59.000000 UTC
2021-02-13,56,56,1757608,332782447,11529,90642,27357332,234293,70272654,3467,474462,,69207,1805,738674,14387,43463,4648,4140,2021-02-13 23:59:59.000000 UTC
2021-02-12,56,56,1812454,331024839,9434,101030,27266690,255983,70038361,5427,470995,,71471,2347,736869,14766,43389,4849,4126,2021-02-12 23:59:59.000000 UTC
2021-02-11,56,56,1855929,329212385,11981,102417,27165660,260124,69782378,3873,465568,,74208,2460,734522,15181,43291,4970,4113,2021-02-11 23:59:59.000000 UTC
2021-02-10,56,56,1382709,327356456,12079,95194,27063243,155861,69522254,3445,461695,,76979,3226,732062,15788,43184,5121,4106,2021-02-10 23:59:59.000000 UTC
2021-02-09,56,56,1488481,325973747,10516,92986,26968049,337168,69366393,2795,458250,,79179,3144,728836,16129,43000,5216,4092,2021-02-09 23:59:59.000000 UTC
2021-02-07,56,56,1498808,323085257,12061,95994,26797326,208303,68887069,1475,454146,,81439,1543,724054,16616,42779,5342,4079,2021-02-07 23:59:59.000000 UTC
2021-02-06,56,56,1888854,321586449,12070,114557,26701332,282477,68678766,2994,452671,,84233,2443,722511,17093,42730,5475,4078,2021-02-06 23:59:59.000000 UTC
2021-02-05,56,56,1868496,319697595,11546,131146,26586775,270754,68396289,3543,449677,,86373,2940,720068,17284,42626,5596,4060,2021-02-05 23:59:59.000000 UTC
2021-02-04,56,56,1663995,317829099,11914,123907,26455629,217496,68125535,5212,446134,,88668,3402,717128,17918,42472,5732,4059,2021-02-04 23:59:59.000000 UTC
2021-02-03,56,56,1384881,316165104,12077,116960,26331722,224499,67908039,3685,440922,,91440,3975,713726,18147,42323,5920,4044,2021-02-03 23:59:59.000000 UTC
2021-02-02,56,56,1385595,314780223,10590,117616,26214762,167082,67683540,3486,437237,,92880,3285,709751,18388,42148,6047,4035,2021-02-02 23:59:59.000000 UTC
2021-02-01,56,56,1507545,313394628,11957,120200,26097146,344975,67516458,1562,433751,,93536,1766,706466,18572,41998,6086,4025,2021-02-01 23:59:59.000000 UTC
2021-01-31,56,56,1725724,311887083,12007,119367,25976946,224593,67171483,2059,432189,,95013,2171,704700,18968,41934,6291,4019,2021-01-31 23:59:59.000000 UTC
2021-01-30,56,56,2139579,310161359,11986,148824,25857579,232299,66946890,2982,430130,,97561,3147,702529,19130,41872,6329,4016,2021-01-30 23:59:59.000000 UTC
2021-01-29,56,56,1955101,308021780,12400,167111,25708755,284168,66714591,3503,427148,,101003,2835,699382,19609,41758,6483,4011,2021-01-29 23:59:59.000000 UTC
2021-01-28,56,56,1936761,306066679,12095,157306,25541644,269667,66430423,4011,423645,,104303,3500,696547,20113,41588,6642,4000,2021-01-28 23:59:59.000000 UTC
2021-01-27,56,56,1626393,304129918,11972,153985,25384338,244553,66160756,4077,419634,,107444,4134,693047,20497,41402,6806,3985,2021-01-27 23:59:59.000000 UTC
2021-01-26,56,56,1733799,302503525,9879,146448,25230353,377450,65916203,3734,415557,,108960,3705,688913,20573,41205,6832,3976,2021-01-26 23:59:59.000000 UTC
2021-01-25,56,56,1630391,300769726,10963,133454,25083905,217006,65538753,1593,411823,,109938,2515,685208,20875,41028,6857,3949,2021-01-25 23:59:59.000000 UTC
2021-01-24,56,56,1792892,299139335,10892,144234,24950451,223447,65321747,1944,410230,,110628,1909,682693,21168,40931,6989,3943,2021-01-24 23:59:59.000000 UTC
2021-01-23,56,56,1990072,297346443,10864,177118,24806217,274547,65098300,3591,408286,,113609,6652,680784,21657,40853,7110,3941,2021-01-23 23:59:59.000000 UTC
2021-01-22,56,56,2022028,295356371,11247,190915,24629099,284392,64823753,3980,404695,,116264,4325,674132,22008,40687,7236,3919,2021-01-22 23:59:59.000000 UTC
2021-01-21,56,56,1933682,293334343,10907,186275,24438184,267695,64539361,3878,400715,,119949,4053,669807,22309,40481,7370,3910,2021-01-21 23:59:59.000000 UTC
2021-01-20,56,56,1851350,291400661,10529,189203,24251909,342450,64271666,4409,396837,,122754,5105,665754,22834,40340,7564,3897,2021-01-20 23:59:59.000000 UTC
2021-01-19,56,56,1596863,289549311,11503,146626,24062706,329847,63929216,2141,392428,,123910,3206,660649,23054,40103,7688,3883,2021-01-19 23:59:59.000000 UTC
2021-01-17,56,56,1916756,286181180,11404,187218,23765288,277842,63406544,2053,388892,,124387,2167,654604,23432,39864,7797,3860,2021-01-17 23:59:59.000000 UTC
2021-01-16,56,56,2116224,284264424,11334,218085,23578070,226342,63128702,3709,386839,,126139,4039,652437,23524,39797,7755,3858,2021-01-16 23:59:59.000000 UTC
2021-01-13,56,56,1827396,277789417,10942,224491,22887915,237885,62185469,4087,375536,,130391,5312,640606,23857,39248,7902,3811,2021-01-13 23:59:59.000000 UTC
2021-01-12,56,56,1944234,275962021,9181,218020,22663424,428795,61947584,4064,371449,,131326,4657,635294,23881,39049,7879,3796,2021-01-12 23:59:59.000000 UTC
2021-01-09,56,56,2137700,270270359,10850,269368,22021417,290183,61022599,3537,363584,,130781,6683,625179,23718,38607,7791,3767,2021-01-09 23:59:59.000000 UTC
2021-01-08,56,56,2146223,268132659,11633,295121,21752049,320284,60732416,3780,360047,,131921,4705,618496,23912,38432,7908,3756,2021-01-08 23:59:59.000000 UTC
2021-01-07,56,56,1928262,265986436,11612,272043,21456928,246578,60412132,4079,356267,,132370,5312,613791,23821,38236,7900,3748,2021-01-07 23:59:59.000000 UTC
2021-01-06,56,56,1650493,264058174,10062,250184,21184885,263088,60165554,3902,352188,,132474,6607,608479,23708,38064,7946,3739,2021-01-06 23:59:59.000000 UTC
2021-01-05,56,56,1721007,262407681,8008,219075,20934701,480256,59902466,3484,348286,,131195,4290,601872,23509,37841,7976,3718,2021-01-05 23:59:59.000000 UTC
2021-01-03,56,56,1444257,259174063,9407,208457,20536055,215583,59273596,1455,343255,,125562,2226,593690,23243,37433,7939,3688,2021-01-03 23:59:59.000000 UTC
2021-01-02,56,56,1934350,257729806,9356,280318,20327598,221792,59058013,2406,341800,,123614,3051,591464,23133,37309,7910,3684,2021-01-02 23:59:59.000000 UTC
2021-01-01,56,56,1545537,255795456,11506,182906,20047280,192048,58836221,2592,339394,,125047,4550,588413,23255,37196,7990,3681,2021-01-01 23:59:59.000000 UTC
2020-12-31,56,56,1797220,254249919,14931,226246,19864374,262855,58644173,3297,336802,,125423,4348,583863,23097,37066,8004,3672,2020-12-31 23:59:59.000000 UTC
2020-12-29,56,56,1343514,250868986,9939,199679,19408632,201698,58166211,3289,329605,,124686,5261,574001,22838,36583,7885,3635,2020-12-29 23:59:59.000000 UTC
2020-12-28,56,56,1332122,249525472,10365,164127,19208953,309721,57964513,1490,326316,,121202,3723,568740,22579,36308,7948,3612,2020-12-28 23:59:59.000000 UTC
2020-12-26,56,56,1974298,246798110,10229,190594,18891286,214555,57450504,1426,323429,,117344,2292,562715,22373,36038,7809,3593,2020-12-26 23:59:59.000000 UTC
2020-12-25,56,56,1568040,244823812,10214,126796,18700692,170690,57235949,1553,322003,,118948,2047,560423,22418,35945,7831,3592,2020-12-25 23:59:59.000000 UTC
2020-12-24,56,56,2031894,243255772,14410,206684,18573896,322117,57065259,2958,320450,,120200,4289,558376,22623,35899,7792,3587,2020-12-24 23:59:59.000000 UTC
2020-12-23,56,56,1791481,241223878,13784,224526,18367212,304962,56743142,3393,317492,,119463,4795,554087,22489,35695,7819,3579,2020-12-23 23:59:59.000000 UTC
2020-12-22,56,56,1770133,239432397,9934,193008,18142686,268046,56438180,3137,314099,,117777,4567,549292,22213,35428,7830,3554,2020-12-22 23:59:59.000000 UTC
2020-12-21,56,56,1974590,237662264,12425,179406,17949678,439796,56170134,1480,310962,,115358,3111,544725,21884,35178,7783,3539,2020-12-21 23:59:59.000000 UTC
2020-12-20,56,56,1821629,235687674,12410,197494,17770272,249266,55730338,1668,309482,,113601,2382,541614,21763,35030,7695,3530,2020-12-20 23:59:59.000000 UTC
2020-12-17,56,56,1912697,229813040,13003,242970,17126119,246432,54829514,3465,302240,,114492,5167,530589,21912,34485,7848,3504,2020-12-17 23:59:59.000000 UTC
2020-12-16,56,56,1839996,227900343,12843,234288,16883149,303846,54583082,3453,298775,,113257,4776,525422,21943,34237,7782,3488,2020-12-16 23:59:59.000000 UTC
2020-12-15,56,56,1833138,226060347,9693,193218,16648861,316712,54279236,2924,295322,,112816,4430,520646,21897,33958,7702,3460,2020-12-15 23:59:59.000000 UTC
2020-12-14,56,56,2010951,224227209,11448,193286,16455643,456078,53962524,1357,292398,,110573,3461,516216,21458,33693,7699,3442,2020-12-14 23:59:59.000000 UTC
2020-12-13,56,56,1827310,222216258,11382,187251,16262357,299810,53506446,1501,291041,,109298,2314,512755,21230,33494,7535,3432,2020-12-13 23:59:59.000000 UTC
2020-12-12,56,56,1919896,220388948,11345,226904,16075106,226203,53206636,2497,289540,,108461,3789,510441,21198,33419,7515,3430,2020-12-12 23:59:59.000000 UTC
2020-12-11,56,56,1969509,218469052,13421,236933,15848202,350441,52980433,2747,287043,,108101,5411,506652,21012,33237,7488,3424,2020-12-11 23:59:59.000000 UTC
2020-12-10,56,56,1967578,216499543,12409,220846,15611269,311589,52629992,3132,284296,,107300,4450,501241,21024,32919,7444,3394,2020-12-10 23:59:59.000000 UTC
2020-12-09,56,56,1832545,214531965,13186,216728,15390423,378319,52318403,3169,281164,,106671,5300,496791,20903,32720,7621,3376,2020-12-09 23:59:59.000000 UTC
2020-12-08,56,56,1690914,212699420,9806,217844,15173695,292335,51940084,2680,277995,,104637,4410,491491,20475,32406,7251,3359,2020-12-08 23:59:59.000000 UTC
2020-12-06,56,56,1675779,209355237,13592,182580,14773954,299693,51378769,1163,274024,,101501,2311,483620,20145,31946,7095,3322,2020-12-06 23:59:59.000000 UTC
2020-12-05,56,56,2302086,207679458,13433,219070,14591374,356781,51079076,2486,272861,,101192,3513,481309,19947,31831,7006,3321,2020-12-05 23:59:59.000000 UTC
2020-12-04,56,56,1918739,205377372,12714,230313,14372304,310521,50722295,2563,270375,,101309,4654,477796,19853,31608,7018,3305,2020-12-04 23:59:59.000000 UTC
2020-12-03,56,56,1904020,203458633,15106,216271,14141991,306223,50411774,2822,267812,,100746,5369,473142,19714,31276,6875,3280,2020-12-03 23:59:59.000000 UTC
2020-12-02,56,56,1587969,201554613,14368,203429,13925720,-658774,50105551,2811,264990,,100327,5238,467773,19687,31038,6855,3252,2020-12-02 23:59:59.000000 UTC
2020-12-01,56,56,1494046,199966644,8764,181183,13722291,263699,50764325,2489,262179,,98814,4916,462535,19302,30749,6651,3223,2020-12-01 23:59:59.000000 UTC
2020-11-30,56,56,1520240,198472598,14883,150031,13541108,344231,50500626,1037,259690,,96134,3394,457619,18807,30469,6520,3205,2020-11-30 23:59:59.000000 UTC
2020-11-29,56,56,1337135,196952358,14860,137254,13391077,226788,50156395,825,258653,,93357,2429,454225,18437,30274,6245,3184,2020-11-29 23:59:59.000000 UTC
2020-11-28,56,56,1675224,195615223,14780,151469,13253823,324413,49929607,1243,257828,,91762,3485,451796,18249,30109,6148,3179,2020-11-28 23:59:59.000000 UTC
2020-11-27,56,56,1970528,193939999,14854,198874,13102354,384580,49605194,1404,256585,,89913,3418,448311,18056,29858,6028,3171,2020-11-27 23:59:59.000000 UTC
2020-11-25,56,56,1881059,190501860,14060,188496,12773716,394165,49040673,2281,253789,,90043,4538,442560,17738,29540,5987,3147,2020-11-25 23:59:59.000000 UTC
2020-11-24,56,56,1873837,188620801,9962,166503,12585220,360586,48646508,2091,251508,,88132,4685,438022,17317,29245,5626,3123,2020-11-24 23:59:59.000000 UTC
2020-11-23,56,56,1671011,186746964,17617,154696,12418717,331207,48285922,853,249417,,85945,2835,433337,17060,28990,5455,3106,2020-11-23 23:59:59.000000 UTC
2020-11-22,56,56,1818793,185075953,17578,154188,12264021,373855,47954715,923,248564,,83882,2291,430502,16411,28828,5233,3094,2020-11-22 23:59:59.000000 UTC
2020-11-21,56,56,2140465,183257160,17683,186385,12109833,376533,47580860,1551,247641,,83346,3375,428211,16264,28693,5103,3087,2020-11-21 23:59:59.000000 UTC
2020-11-20,56,56,2004886,181116695,16221,197164,11923448,448167,47204327,1910,246090,,82318,3903,424836,16146,28472,5058,3078,2020-11-20 23:59:59.000000 UTC
2020-11-19,56,56,1845354,179111809,14596,187932,11726284,324389,46756160,2010,244180,,80669,4456,420933,15759,28216,4860,3052,2020-11-19 23:59:59.000000 UTC
2020-11-18,56,56,1701006,177266455,12971,168220,11538352,346915,46431771,1885,242170,,79478,4352,416477,15557,27989,4699,3024,2020-11-18 23:59:59.000000 UTC
2020-11-17,56,56,1634272,175565449,9281,159826,11370132,300498,46084856,1553,240285,,77047,3887,412125,15009,27681,4379,3004,2020-11-17 23:59:59.000000 UTC
2020-11-16,56,56,1484630,173931177,13639,149977,11210306,249458,45784358,607,238732,,73320,2907,408238,14471,27437,4156,2988,2020-11-16 23:59:59.000000 UTC
2020-11-15,56,56,1626437,172446547,13654,147062,11060329,400351,45534900,712,238125,,70202,1868,405331,13849,27269,3939,2975,2020-11-15 23:59:59.000000 UTC
2020-11-14,56,56,1785889,170820110,13657,167726,10913267,300446,45134549,1353,237413,,69588,3468,403463,13491,27172,3945,2972,2020-11-14 23:59:59.000000 UTC
2020-11-13,56,56,1742559,169034221,12010,174633,10745541,331974,44834103,1301,236060,,68585,3673,399995,13280,26997,3766,2967,2020-11-13 23:59:59.000000 UTC
2020-11-12,56,56,1607551,167291662,11385,157542,10570908,271550,44502129,1112,234759,,67236,3562,396322,12917,26803,3622,2954,2020-11-12 23:59:59.000000 UTC
2020-11-11,56,56,1503560,165684111,11287,149333,10413366,283243,44230579,1577,233647,,65549,3281,392760,12626,26584,3365,2947,2020-11-11 23:59:59.000000 UTC
2020-11-10,56,56,1386936,164180551,8579,135569,10264033,203377,43947336,1358,232070,,62119,4070,389479,12057,26335,3202,2922,2020-11-10 23:59:59.000000 UTC
2020-11-09,56,56,1314380,162793615,23458,118403,10128464,283666,43743959,577,230712,,59342,2176,385409,11636,26087,3111,2907,2020-11-09 23:59:59.000000 UTC
2020-11-08,56,56,1266058,161479235,23353,112445,10010061,239635,43460293,513,230135,,56942,1467,383233,11223,25819,2977,2900,2020-11-08 23:59:59.000000 UTC
2020-11-07,56,56,1546164,160213177,23295,132113,9897616,357869,43220658,1125,229622,,56037,2341,381766,11215,25721,2947,2898,2020-11-07 23:59:59.000000 UTC
2020-11-06,56,56,1772955,158667013,11804,129990,9765503,314445,42862789,1185,228497,,55005,3121,379425,11213,25498,2850,2885,2020-11-06 23:59:59.000000 UTC
2020-11-05,56,56,1561062,156894058,11233,119023,9635513,302427,42548344,1154,227312,,53380,2553,376304,11050,25276,2876,2872,2020-11-05 23:59:59.000000 UTC
2020-11-04,56,56,1318451,155332996,10117,105996,9516490,202598,42245917,1131,226158,,52166,3107,373751,10892,25041,2832,2853,2020-11-04 23:59:59.000000 UTC
2020-11-03,56,56,1269152,154014545,8003,119949,9410494,255848,42043319,1517,225027,,50509,3135,370644,10538,24796,2734,2833,2020-11-03 23:59:59.000000 UTC
2020-11-02,56,56,1238898,152745393,10655,83454,9290545,283444,41787471,475,223510,,48750,1399,367509,9957,24560,2633,2809,2020-11-02 23:59:59.000000 UTC
2020-11-01,56,56,1160138,151506495,10617,141974,9207091,228603,41504027,410,223035,,47615,1166,366110,9665,24457,2553,2797,2020-11-01 23:59:59.000000 UTC
2020-10-31,56,56,1473444,150346357,10635,91293,9065117,325765,41275424,958,222625,,47486,2116,364944,9613,24375,2502,2786,2020-10-31 23:59:59.000000 UTC
2020-10-30,56,56,1423126,148872913,11120,97942,8973824,206695,40949659,947,221667,,46880,2403,362828,9550,24230,2477,2776,2020-10-30 23:59:59.000000 UTC
2020-10-29,56,56,1453174,147449787,10481,89365,8875882,317094,40742964,1060,220720,,46191,2321,360425,9320,24082,2399,2760,2020-10-29 23:59:59.000000 UTC
2020-10-28,56,56,1150428,145996613,9600,79700,8786517,265933,40425870,1047,219660,,45214,2461,358104,9133,23883,2354,2744,2020-10-28 23:59:59.000000 UTC
2020-10-27,56,56,1150455,144846185,8129,72255,8706817,220640,40159937,922,218613,,44391,2290,355643,8985,23701,2283,2719,2020-10-27 23:59:59.000000 UTC
2020-10-26,56,56,1131572,143695730,11083,63430,8634562,268034,39939297,397,217691,,42988,1697,353353,8946,23542,2300,2703,2020-10-26 23:59:59.000000 UTC
2020-10-25,56,56,1222362,142564158,11093,64471,8571132,268680,39671263,391,217294,,41883,1076,351656,8590,23420,2176,2693,2020-10-25 23:59:59.000000 UTC
2020-10-24,56,56,1370239,141341796,11087,83792,8506661,259771,39402583,896,216903,,42087,1822,350580,8675,23356,2230,2691,2020-10-24 23:59:59.000000 UTC
2020-10-23,56,56,1444382,139971557,11853,82575,8422869,304853,39142812,949,216007,,41614,2801,348758,8342,23221,2180,2679,2020-10-23 23:59:59.000000 UTC
2020-10-22,56,56,1305768,138527175,12222,72273,8340294,301777,38837959,1094,215058,,41114,2229,345957,8180,23018,2147,2641,2020-10-22 23:59:59.000000 UTC
2020-10-21,56,56,1055928,137221407,10241,62856,8268021,201552,38536182,1051,213964,,40397,2399,343728,8291,22855,2083,2622,2020-10-21 23:59:59.000000 UTC
2020-10-20,56,56,1034354,136165479,8014,60574,8205165,201519,38334630,833,212913,,39391,2309,341329,8206,22662,2042,2593,2020-10-20 23:59:59.000000 UTC
2020-10-19,56,56,1100768,135131125,12138,57650,8144591,347469,38133111,443,212080,,37976,1605,339020,8063,22475,1804,2577,2020-10-19 23:59:59.000000 UTC
2020-10-18,56,56,1074271,134030357,12059,47957,8086941,193978,37785642,405,211637,,36536,813,337415,7383,22391,1762,2557,2020-10-18 23:59:59.000000 UTC
2020-10-17,56,56,1329098,132956086,12109,57675,8038984,260557,37591664,780,211232,,37474,1546,336602,7466,22320,1791,2553,2020-10-17 23:59:59.000000 UTC
2020-10-16,56,56,1247307,131626988,13091,68505,7981309,272444,37331107,891,210452,,37479,1866,335056,7333,22202,1740,2547,2020-10-16 23:59:59.000000 UTC
2020-10-15,56,56,1182695,130379681,13001,63641,7912804,263255,37058663,928,209561,,37423,2010,333190,7303,22051,1773,2531,2020-10-15 23:59:59.000000 UTC
2020-10-14,56,56,1114421,129196986,11100,57240,7849163,144110,36795408,801,208633,,37184,2437,331180,7236,21889,1775,2516,2020-10-14 23:59:59.000000 UTC
2020-10-13,56,56,1085144,128082565,8008,46914,7791923,210401,36651298,718,207832,,36171,2058,328743,7104,21735,1757,2485,2020-10-13 23:59:59.000000 UTC
2020-10-12,56,56,950483,126997421,11329,43248,7745009,213302,36440897,284,207114,,35143,1104,326685,6860,21629,1663,2464,2020-10-12 23:59:59.000000 UTC
2020-10-11,56,56,1106595,126046938,11261,46723,7701761,220736,36227595,472,206830,,34610,983,325581,6749,21553,1646,2454,2020-10-11 23:59:59.000000 UTC
2020-10-10,56,56,1299743,124940343,11223,57543,7655038,296196,36006859,690,206358,,34700,1485,324598,6752,21512,1667,2451,2020-10-10 23:59:59.000000 UTC
2020-10-09,56,56,1275712,123640600,13078,57085,7597495,282790,35710663,914,205668,,34973,1736,323113,6775,21388,1651,2437,2020-10-09 23:59:59.000000 UTC
2020-10-08,56,56,1225426,122364888,13087,55308,7540410,6923,35427873,979,204754,,34446,2134,321377,6694,21217,1638,2427,2020-10-08 23:59:59.000000 UTC
2020-10-07,56,56,1081509,121139462,12269,51216,7485102,232274,35420950,929,203775,,33565,2138,319243,6591,21112,1650,2410,2020-10-07 23:59:59.000000 UTC
2020-10-06,56,56,954557,120057953,8680,38846,7433886,185103,35188676,613,202846,,32726,-752,317105,6490,20973,1609,2388,2020-10-06 23:59:59.000000 UTC
2020-10-05,56,56,937566,119103396,11544,37752,7395040,243549,35003573,331,202233,,31426,1447,317857,6292,20812,1514,2370,2020-10-05 23:59:59.000000 UTC
2020-10-04,56,56,1026748,118165830,11471,38165,7357288,298235,34760024,380,201902,,30063,663,316410,6056,20729,1485,2362,2020-10-04 23:59:59.000000 UTC
2020-10-03,56,56,1126528,117139082,11464,50874,7319123,182570,34461789,738,201522,,30209,1088,315747,6073,20686,1501,2358,2020-10-03 23:59:59.000000 UTC
2020-10-02,56,56,1216123,116012554,10813,49427,7268249,311588,34279219,842,200784,,30880,1443,314659,6195,20612,1534,2348,2020-10-02 23:59:59.000000 UTC
2020-10-01,56,56,1016972,114796431,13003,45720,7218822,214834,33967631,862,199942,,30942,1757,313216,6262,20492,1543,2334,2020-10-01 23:59:59.000000 UTC
2020-09-30,56,56,976422,113779459,9431,44909,7173102,226976,33752797,1064,199080,,31021,1618,311459,6241,20390,1510,2319,2020-09-30 23:59:59.000000 UTC
2020-09-29,56,56,992038,112803037,7695,36766,7128193,203930,33525821,724,198016,,30601,1673,309841,6172,20247,1497,2298,2020-09-29 23:59:59.000000 UTC
2020-09-28,56,56,991825,111810999,11112,35376,7091427,258394,33321891,246,197292,,29696,1181,308168,6048,20121,1513,2285,2020-09-28 23:59:59.000000 UTC
2020-09-27,56,56,932751,110819174,11136,34990,7056051,193116,33063497,310,197046,,29579,613,306987,6170,20050,1511,2277,2020-09-27 23:59:59.000000 UTC
2020-09-26,56,56,1136490,109886423,11183,47227,7021061,260732,32870381,873,196736,,29670,1214,306374,6143,20002,1509,2272,2020-09-26 23:59:59.000000 UTC
2020-09-25,56,56,1156284,108749933,10905,55278,6973834,290503,32609649,847,195863,,29891,1333,305160,6220,19919,1508,2264,2020-09-25 23:59:59.000000 UTC
2020-09-24,56,56,1010190,107593649,12008,43341,6918556,254550,32319146,938,195016,,30159,1484,303827,6274,19555,1560,2177,2020-09-24 23:59:59.000000 UTC
2020-09-23,56,56,1013367,106583459,10535,39498,6875215,223960,32064596,1156,194078,,30015,1454,302343,6200,19452,1545,2154,2020-09-23 23:59:59.000000 UTC
2020-09-22,56,56,917213,105570092,7999,48986,6835717,258099,31840636,859,192922,,29645,1534,300889,6188,19324,1558,2130,2020-09-22 23:59:59.000000 UTC
2020-09-21,56,56,750351,104652879,13241,39162,6786731,146752,31582537,281,192063,,28849,1064,299355,6138,19353,1570,2116,2020-09-21 23:59:59.000000 UTC
2020-09-20,56,56,994272,103902528,13192,35533,6747569,265956,31435785,327,191782,,28724,525,298291,6100,19281,1595,2112,2020-09-20 23:59:59.000000 UTC
2020-09-19,56,56,1169942,102908256,13217,45668,6712036,279068,31169829,747,191455,,29185,1051,297766,6163,19243,1577,2111,2020-09-19 23:59:59.000000 UTC
2020-09-18,56,56,1094695,101738314,11805,46889,6666368,277046,30890761,901,190708,,29651,1423,296715,6175,19163,1608,2107,2020-09-18 23:59:59.000000 UTC
2020-09-17,56,56,990095,100643619,11768,43642,6619479,245451,30613715,880,189807,,30035,1549,295292,6285,19057,1662,2092,2020-09-17 23:59:59.000000 UTC
2020-09-16,56,56,839956,99653524,10587,40319,6575837,182360,30368264,1190,188927,,30345,1461,293743,6303,18961,1647,2090,2020-09-16 23:59:59.000000 UTC
2020-09-15,56,56,852734,98813568,4966,34778,6535518,216815,30185904,1034,187737,,30427,1484,292282,6308,18847,1574,2071,2020-09-15 23:59:59.000000 UTC
2020-09-14,56,56,821093,97960834,10494,33572,6500740,198825,29969089,407,186703,,30225,912,290798,6256,18748,1601,2061,2020-09-14 23:59:59.000000 UTC
2020-09-13,56,56,792700,97139741,10467,34579,6467168,226347,29770264,392,186296,,30027,545,289886,6232,18692,1654,2056,2020-09-13 23:59:59.000000 UTC
2020-09-12,56,56,1020760,96347041,10403,41850,6432589,227638,29543917,817,185904,,30912,1145,289341,6449,18648,1721,2051,2020-09-12 23:59:59.000000 UTC
2020-09-11,56,56,937575,95326281,10813,44698,6390739,244892,29316279,1015,185087,,31679,1510,288196,6371,18549,1816,2031,2020-09-11 23:59:59.000000 UTC
2020-09-10,56,56,821385,94388706,10530,37386,6346041,195629,29071387,1161,184072,,32535,1497,286686,6522,18453,1923,2008,2020-09-10 23:59:59.000000 UTC
2020-09-09,56,56,751002,93567321,6551,30756,6308655,193412,28875758,1088,182911,,32670,1918,285189,6659,18323,1906,1994,2020-09-09 23:59:59.000000 UTC
2020-09-08,56,56,546859,92816319,8983,22310,6277899,123290,28682346,347,181823,,32255,987,283271,6541,18189,1870,1975,2020-09-08 23:59:59.000000 UTC
2020-09-07,56,56,670866,92269460,8986,28117,6255589,191875,28559056,227,181476,,32052,474,282284,6635,18156,1881,1967,2020-09-07 23:59:59.000000 UTC
2020-09-06,56,56,764565,91598594,8927,33033,6227472,206134,28367181,452,181249,,32428,499,281810,6701,18125,1912,1960,2020-09-06 23:59:59.000000 UTC
2020-09-05,56,56,993565,90834029,9021,44860,6194439,218536,28161047,926,180797,,33626,1173,281311,6758,18089,1956,1956,2020-09-05 23:59:59.000000 UTC
2020-09-04,56,56,1089037,89840464,10118,51600,6149579,256511,27942511,999,179871,,34177,1249,280138,6922,18012,1998,1943,2020-09-04 23:59:59.000000 UTC
2020-09-03,56,56,909820,88751427,9987,44631,6097979,227081,27686000,1072,178872,,34753,1488,278889,6923,17894,2038,1928,2020-09-03 23:59:59.000000 UTC
2020-09-02,56,56,796145,87841607,9293,30667,6053348,211097,27458919,1035,177800,,35661,1521,277401,7091,17788,2027,1918,2020-09-02 23:59:59.000000 UTC
2020-09-01,56,56,796530,87045462,6647,42242,6022681,179210,27247822,1014,176765,,35338,1867,275880,7084,17655,2041,1902,2020-09-01 23:59:59.000000 UTC
2020-08-30,56,56,823352,85568283,11148,38766,5948719,220804,26887884,477,175371,,35770,662,273303,7268,17439,2057,1870,2020-08-30 23:59:59.000000 UTC
2020-08-29,56,56,947087,84744931,11151,43995,5909953,257166,26667080,1017,174894,,36516,1299,272641,7413,17401,2062,1864,2020-08-29 23:59:59.000000 UTC
2020-08-28,56,56,938465,83797844,10428,46115,5865958,224635,26409914,1020,173877,,37356,1642,271342,7591,17304,2087,1856,2020-08-28 23:59:59.000000 UTC
2020-08-27,56,56,857577,82859379,11168,44111,5819843,243599,26185279,1128,172857,,37498,1654,269700,7712,17181,2128,1831,2020-08-27 23:59:59.000000 UTC
2020-08-26,56,56,772668,82001802,4081,44331,5775732,216584,25941680,1300,171729,,38515,1804,268046,7742,17046,2143,1809,2020-08-26 23:59:59.000000 UTC
2020-08-25,56,56,743872,81229134,4091,36839,5731401,224504,25725096,1140,170429,,38831,1988,266242,7854,16920,2161,1789,2020-08-25 23:59:59.000000 UTC
2020-08-24,56,56,714951,80485262,4143,34543,5694562,219639,25500592,341,169289,,38806,1031,264254,7854,16787,2112,1764,2020-08-24 23:59:59.000000 UTC
2020-08-23,56,56,725718,79770311,4149,37900,5660019,128482,25280953,577,168948,,39064,698,263223,7949,16697,2131,1737,2020-08-23 23:59:59.000000 UTC
2020-08-22,56,56,908182,79044593,4154,46033,5622119,226652,25152471,1035,168371,,40017,1604,262525,8207,16657,2204,1736,2020-08-22 23:59:59.000000 UTC
2020-08-21,56,56,915434,78136411,4199,46477,5576086,254673,24925819,1119,167336,,41052,1782,260921,8358,16563,2288,1730,2020-08-21 23:59:59.000000 UTC
2020-08-20,56,56,864210,77220977,4170,43844,5529609,208472,24671146,1129,166217,,42109,1983,259139,8486,16487,2330,1716,2020-08-20 23:59:59.000000 UTC
2020-08-19,56,56,832115,76356767,4374,45073,5485765,243232,24462674,1411,165088,,43406,1983,257156,8747,16377,2375,1705,2020-08-19 23:59:59.000000 UTC
2020-08-15,56,56,893080,73264876,4452,56003,5320368,249608,23568460,1227,161470,,44922,1891,251003,9087,15891,2526,1663,2020-08-15 23:59:59.000000 UTC
2020-08-13,56,56,954412,71381071,4239,51763,5207221,256634,23010089,1163,159017,,47303,2675,246971,9480,15629,2574,1649,2020-08-13 23:59:59.000000 UTC
2020-08-12,56,56,813796,70426659,4174,56186,5155458,235552,22753455,1517,157854,,48067,2971,244296,9564,15524,2602,1629,2020-08-12 23:59:59.000000 UTC
2020-08-11,56,56,845183,69612863,4118,54935,5099272,230600,22517903,1320,156337,,48600,2624,241325,9135,15331,2422,1612,2020-08-11 23:59:59.000000 UTC
2020-08-10,56,56,741379,68767680,3966,41370,5044337,210324,22287303,430,155017,,48751,1554,238701,9209,15158,2529,1592,2020-08-10 23:59:59.000000 UTC
2020-08-09,56,56,803537,68026301,3871,50766,5002967,260584,22076979,621,154587,,48997,862,237147,9307,15081,2507,1578,2020-08-09 23:59:59.000000 UTC
2020-08-08,56,56,789814,67222764,3888,53492,4952201,191879,21816395,1086,153966,,50071,1493,236285,9662,15024,2566,1561,2020-08-08 23:59:59.000000 UTC
2020-08-07,56,56,890426,66432950,3988,60837,4898709,263973,21624516,1322,152880,,51329,7994,234792,9698,14925,2628,1549,2020-08-07 23:59:59.000000 UTC
2020-08-06,56,56,848687,65542524,3903,54045,4837872,266841,21360543,1242,151558,,53220,2616,226798,9996,14810,2714,1534,2020-08-06 23:59:59.000000 UTC
2020-08-05,56,56,816864,64693837,3842,52691,4783827,232010,21093702,1354,150316,,53432,2117,224182,9988,14687,2721,1524,2020-08-05 23:59:59.000000 UTC
2020-08-03,56,56,712084,63070280,3662,42743,4679931,208982,20625354,516,147720,,53516,1558,217642,10233,14370,2664,1463,2020-08-03 23:59:59.000000 UTC
2020-08-02,56,56,790665,62358196,3888,53322,4637188,252325,20416372,496,147204,,54108,832,216084,10343,14289,2645,1448,2020-08-02 23:59:59.000000 UTC
2020-08-01,56,56,817592,61567531,3975,60640,4583866,231941,20164047,1201,146708,,54554,2385,215252,10347,14227,2698,1445,2020-08-01 23:59:59.000000 UTC
2020-07-30,56,56,887682,59761475,3947,68979,4455391,261399,19833148,1250,144183,,56570,3293,210336,10549,13877,2762,1415,2020-07-30 23:59:59.000000 UTC
2020-07-29,56,56,908717,58873793,3840,64156,4386412,287398,19571749,1505,142933,,57423,2860,207043,10435,13747,2771,1400,2020-07-29 23:59:59.000000 UTC
2020-07-28,56,56,842374,57965076,3600,58452,4322256,234108,19284351,1111,141428,,57185,4067,204183,10414,13559,2748,1372,2020-07-28 23:59:59.000000 UTC
2020-07-25,56,56,882389,55494536,3377,64788,4148552,280225,18517095,1012,138690,,59382,1816,197104,10308,13279,2729,1300,2020-07-25 23:59:59.000000 UTC
2020-07-24,56,56,1007671,54612147,3409,75095,4083764,311767,18236870,1174,137678,,59801,3066,195288,10288,13184,2709,1297,2020-07-24 23:59:59.000000 UTC
2020-07-21,56,56,833566,51773355,3197,62887,3867801,240265,17349125,1043,134284,,59479,2555,187614,10046,12632,2414,1242,2020-07-21 23:59:59.000000 UTC
2020-07-20,56,56,737209,50939789,3003,56709,3804914,247895,17108860,376,133241,,58521,1563,185059,9832,12475,2403,1223,2020-07-20 23:59:59.000000 UTC
2020-07-19,56,56,789513,50202580,3052,64207,3748205,265500,16860965,526,132865,,58052,886,183496,9581,12393,2362,1216,2020-07-19 23:59:59.000000 UTC
2020-07-18,56,56,869668,49413067,3032,64773,3683998,215087,16595465,877,132339,,57818,1994,182610,9809,12343,2343,1211,2020-07-18 23:59:59.000000 UTC
2020-07-17,56,56,943532,48543399,3002,76498,3619225,276023,16380378,938,131462,,57871,2485,180616,9714,12243,2352,1200,2020-07-17 23:59:59.000000 UTC
2020-07-16,56,56,948000,47599867,2929,70493,3542727,287728,16104355,940,130524,,57600,2207,178131,9565,12091,2314,1175,2020-07-16 23:59:59.000000 UTC
2020-07-15,56,56,913964,46651867,2947,69372,3472234,268285,15816627,864,129584,,56341,2315,175924,9497,12003,2322,1166,2020-07-15 23:59:59.000000 UTC
2020-07-14,56,56,835205,45737903,960,58618,3402862,259452,15548342,742,128720,,55677,2322,173609,9342,11857,2263,1154,2020-07-14 23:59:59.000000 UTC
2020-07-13,56,56,764696,44902698,2610,57144,3344244,224951,15288890,329,127978,,54120,1120,171287,9207,11749,2254,1142,2020-07-13 23:59:59.000000 UTC
2020-07-12,56,56,796940,44138002,2639,61602,3287100,264002,15063939,471,127649,,52860,890,170167,8983,11679,2182,1136,2020-07-12 23:59:59.000000 UTC
2020-07-11,56,56,836027,43341062,2618,62584,3225498,264730,14799937,753,127178,,51984,5088,169277,8934,11613,2169,1128,2020-07-11 23:59:59.000000 UTC
2020-07-10,56,56,912598,42505035,2493,67108,3162914,288473,14535207,841,126425,,51720,2197,164189,8812,11524,2192,1118,2020-07-10 23:59:59.000000 UTC
2020-07-09,56,56,846616,41592437,2530,59063,3095806,284274,14246734,862,125584,,44053,1663,161992,8766,11395,2129,1138,2020-07-09 23:59:59.000000 UTC
2020-07-08,56,56,780578,40745821,2360,62815,3036743,211657,13962460,819,124722,,43205,1888,160329,8750,11303,2167,1103,2020-07-08 23:59:59.000000 UTC
2020-07-07,56,56,742033,39965243,2136,50991,2973928,206545,13750803,906,123903,,41948,1975,158441,8568,11178,2102,1084,2020-07-07 23:59:59.000000 UTC
2020-07-04,56,56,688460,37951782,2083,54846,2836661,209668,13158631,295,122550,,38281,870,155118,8082,10977,1982,1063,2020-07-04 23:59:59.000000 UTC
2020-07-03,56,56,796290,37263322,2237,54214,2781815,247201,12948963,602,122255,,37921,1358,154248,7935,10937,2049,1059,2020-07-03 23:59:59.000000 UTC
2020-07-01,56,56,731673,35694133,2604,51044,2674090,224475,12472357,696,120954,,36521,1429,151191,7647,10752,2099,1027,2020-07-01 23:59:59.000000 UTC
2020-06-30,56,56,712260,34962460,2432,47032,2623046,226105,12247882,583,120258,,35340,1473,149762,7419,10669,2044,1008,2020-06-30 23:59:59.000000 UTC
2020-06-29,56,56,661374,34250200,2194,39368,2576014,245719,12021777,336,119675,,33742,728,148289,7283,10542,2021,990,2020-06-29 23:59:59.000000 UTC
2020-06-28,56,56,611620,33588826,2198,41729,2536646,227853,11776058,271,119339,,32577,549,147561,7080,10473,2077,983,2020-06-28 23:59:59.000000 UTC
2020-06-27,56,56,723493,32977206,2186,43104,2494917,217216,11548205,510,119068,,32569,1059,147012,6998,10416,2159,977,2020-06-27 23:59:59.000000 UTC
2020-06-26,56,56,737868,32253713,2201,44300,2451813,218689,11330989,608,118558,,31850,1540,145953,7017,10334,2069,966,2020-06-26 23:59:59.000000 UTC
2020-06-25,56,56,712795,31515845,2133,39720,2407513,248068,11112300,654,117950,,31920,1298,144413,6905,10258,2214,951,2020-06-25 23:59:59.000000 UTC
2020-06-24,56,56,618161,30803050,2049,39131,2367793,184959,10864232,704,117296,,31268,1246,143115,6752,10173,2247,934,2020-06-24 23:59:59.000000 UTC
2020-06-23,56,56,671798,30184889,1891,33446,2328662,172591,10679273,728,116592,,30352,1266,141869,6791,10077,2292,918,2020-06-23 23:59:59.000000 UTC
2020-06-22,56,56,499255,29513091,2028,26817,2295216,163644,10506682,288,115864,,28962,827,140603,6650,10003,2301,909,2020-06-22 23:59:59.000000 UTC
2020-06-21,56,56,504684,29013836,2084,29182,2268399,175530,10343038,291,115576,,28325,519,139776,6415,9944,2321,904,2020-06-21 23:59:59.000000 UTC
2020-06-20,56,56,610669,28509152,2108,32232,2239217,197225,10167508,611,115285,,28078,685,139257,6372,9908,2380,888,2020-06-20 23:59:59.000000 UTC
2020-06-19,56,56,664037,27898483,2032,30887,2206985,234816,9970283,657,114674,,28698,1592,138572,6450,9877,2433,884,2020-06-19 23:59:59.000000 UTC
2020-06-18,56,56,562275,27234446,1903,26984,2176098,191568,9735467,679,114017,,28538,1100,136980,6560,9738,2518,869,2020-06-18 23:59:59.000000 UTC
2020-06-17,56,56,563106,26672171,1745,24206,2149114,195262,9543899,778,113338,,28641,1085,135880,6618,9666,2584,857,2020-06-17 23:59:59.000000 UTC
2020-06-16,56,56,500028,26109065,1604,22857,2124908,175084,9348637,726,112560,,28363,1186,134795,6534,9591,2591,845,2020-06-16 23:59:59.000000 UTC
2020-06-15,56,56,448011,25609037,1619,18236,2102051,166376,9173553,383,111834,,28034,664,133609,6595,9516,2636,835,2020-06-15 23:59:59.000000 UTC
2020-06-14,56,56,474952,25161026,1672,21629,2083815,167764,9007177,354,111451,,28012,600,132945,6610,9466,2716,834,2020-06-14 23:59:59.000000 UTC
2020-06-13,56,56,544550,24686074,1698,25459,2062186,197950,8839413,690,111097,,28572,965,132345,6700,9433,2726,830,2020-06-13 23:59:59.000000 UTC
2020-06-12,56,56,622991,24141524,1783,23152,2036727,228322,8641463,766,110407,,29309,1371,131380,6837,9373,2738,814,2020-06-12 23:59:59.000000 UTC
2020-06-11,56,56,484776,23518533,1816,21976,2013575,150394,8413141,896,109641,,29842,1526,130009,6885,9297,2885,792,2020-06-11 23:59:59.000000 UTC
2020-06-10,56,56,484086,23033757,1737,20873,1991599,168579,8262747,892,108745,,30962,1239,128483,7065,9226,3022,780,2020-06-10 23:59:59.000000 UTC
2020-06-09,56,56,454671,22549671,1661,16933,1970726,155286,8094168,894,107853,,31181,1280,127244,7310,9142,3088,771,2020-06-09 23:59:59.000000 UTC
2020-06-08,56,56,405398,22095000,1606,16935,1953793,132314,7938882,672,106959,,31097,1072,125964,7182,9013,3238,762,2020-06-08 23:59:59.000000 UTC
2020-06-07,56,56,437205,21689602,1733,19080,1936858,189867,7806568,450,106287,,31492,657,124892,7244,8957,3298,753,2020-06-07 23:59:59.000000 UTC
2020-06-06,56,56,557957,21252397,1796,22669,1917778,221863,7616701,709,105837,,31994,985,124235,7525,8920,3476,750,2020-06-06 23:59:59.000000 UTC
2020-06-05,56,56,621384,20694440,1749,23046,1895109,232202,7394838,832,105128,,32505,1518,123250,7658,8863,3520,740,2020-06-05 23:59:59.000000 UTC
2020-06-04,56,56,497795,20073056,1831,20512,1872063,183969,7162636,882,104296,,32800,-2858,121732,7786,8788,3662,723,2020-06-04 23:59:59.000000 UTC
2020-06-03,56,56,505613,19575261,3473,20164,1851551,184622,6978667,973,103414,,33218,2011,124590,7959,8690,3754,717,2020-06-03 23:59:59.000000 UTC
2020-06-02,56,56,450312,19069648,3597,19909,1831387,161067,6794045,982,102441,,33955,1578,122579,8158,8566,3854,710,2020-06-02 23:59:59.000000 UTC
2020-05-30,56,56,476871,17770642,1916,23543,1769755,166924,6327092,921,100129,,35761,1222,117551,8691,8325,4008,698,2020-05-30 23:59:59.000000 UTC
2020-05-29,56,56,514599,17293771,3047,23624,1746212,197118,6160168,1171,99208,,36937,1409,116329,8923,8235,4028,689,2020-05-29 23:59:59.000000 UTC
2020-05-28,56,56,494858,16779172,2797,22844,1722588,188114,5963050,1235,98037,,38005,1425,114920,9139,8109,4079,676,2020-05-28 23:59:59.000000 UTC
2020-05-27,56,56,415923,16284314,3132,19193,1699744,151212,5774936,1340,96802,,38314,1385,113495,9246,8015,4223,666,2020-05-27 23:59:59.000000 UTC
2020-05-26,56,56,315659,15868391,2919,16676,1680551,111904,5623724,668,95462,,37751,17155,112110,9251,7899,4221,650,2020-05-26 23:59:59.000000 UTC
2020-05-25,56,56,408751,15552732,3368,18543,1663875,167737,5511820,556,94794,,37702,669,94955,9114,7847,4232,642,2020-05-25 23:59:59.000000 UTC
2020-05-24,56,56,390719,15143981,3730,19122,1645332,129848,5344083,689,94238,,37741,787,94286,9148,7801,4380,639,2020-05-24 23:59:59.000000 UTC
2020-05-23,56,56,444574,14753262,4084,22482,1626210,115601,5214235,1035,93549,,38625,1130,93499,9382,7770,4621,638,2020-05-23 23:59:59.000000 UTC
2020-05-22,56,56,451428,14308688,3770,24127,1603728,173269,5098634,1286,92514,,39999,3751,92369,9708,7689,4714,633,2020-05-22 23:59:59.000000 UTC
2020-05-21,56,56,499343,13857260,3733,26751,1579601,219192,4925365,1381,91228,,41353,4374,88618,9757,7423,4871,616,2020-05-21 23:59:59.000000 UTC
2020-05-20,56,56,449396,13357917,3546,21371,1552850,167729,4706173,1395,89847,,41854,1453,84244,10212,7319,4907,613,2020-05-20 23:59:59.000000 UTC
2020-05-19,56,56,422660,12908521,2931,20700,1531479,162780,4538444,1327,88452,,42019,1286,82791,10292,7217,5032,606,2020-05-19 23:59:59.000000 UTC
2020-05-17,56,56,351921,12137194,3714,20384,1490166,138117,4243900,862,86272,,42018,766,80702,10563,7003,5467,593,2020-05-17 23:59:59.000000 UTC
2020-05-16,56,56,394424,11785273,3603,23835,1469782,132061,4105783,1249,85410,,43520,1383,79936,10880,6945,5532,592,2020-05-16 23:59:59.000000 UTC
2020-05-15,56,56,406415,11390849,2457,25407,1445947,123946,3973722,1537,84161,,44553,982,78553,11163,6890,5744,589,2020-05-15 23:59:59.000000 UTC
2020-05-13,56,56,346215,10595648,2667,21481,1393744,117018,3714514,1729,80778,,46926,1273,74860,11664,6713,6164,572,2020-05-13 23:59:59.000000 UTC
2020-05-12,56,56,340824,10249433,1800,22521,1372263,110171,3597496,1518,79049,,47347,1192,73587,11915,6585,6350,559,2020-05-12 23:59:59.000000 UTC
2020-05-11,56,56,374214,9908609,1782,18080,1349742,209165,3487325,889,77531,,46554,939,72395,11852,6488,6349,551,2020-05-11 23:59:59.000000 UTC
2020-05-10,56,56,274264,9534395,2844,21112,1331662,91529,3278160,1027,76642,,46741,565,71456,11992,6445,6392,547,2020-05-10 23:59:59.000000 UTC
2020-05-09,56,56,323895,9260131,3262,25280,1310550,110811,3186631,1459,75615,,48576,1128,70891,12165,6367,6550,543,2020-05-09 23:59:59.000000 UTC
2020-05-08,56,56,312980,8936236,3079,27198,1285270,104722,3075820,1788,74156,,49769,5697,69763,12460,6294,6793,531,2020-05-08 23:59:59.000000 UTC
2020-05-06,56,56,293617,8293548,3008,25312,1230844,98543,2876361,1931,69636,,52607,1505,60513,13196,4911,4758,449,2020-05-06 23:59:59.000000 UTC
2020-05-05,56,56,279781,7999931,2633,22392,1205532,105694,2777818,2496,67705,,53168,1399,59008,13346,4794,4810,439,2020-05-05 23:59:59.000000 UTC
2020-05-04,56,56,236185,7720150,2791,22106,1183140,86891,2672124,983,65209,,52375,1152,57609,13390,4579,4852,430,2020-05-04 23:59:59.000000 UTC
2020-05-03,56,56,239746,7483965,2836,25759,1161034,94072,2585233,1247,64226,,52623,1027,56457,13343,4502,4762,425,2020-05-03 23:59:59.000000 UTC
2020-05-02,56,56,272341,7244219,1639,29151,1135275,80894,2491161,1521,62979,,54008,1276,55430,13528,4386,4846,375,2020-05-02 23:59:59.000000 UTC
2020-05-01,56,56,285664,6971878,1496,32880,1106124,106658,2410267,1812,61458,,54888,9055,54154,13572,4300,4712,376,2020-05-01 23:59:59.000000 UTC
2020-04-30,56,56,275235,6686214,2805,30063,1073244,79570,2303609,2153,59646,,54910,1425,45099,13982,4192,4708,373,2020-04-30 23:59:59.000000 UTC
2020-04-29,56,56,257142,6410979,5023,26179,1043181,89076,2224039,2689,57493,,56010,1865,43674,14254,4093,4803,365,2020-04-29 23:59:59.000000 UTC
2020-04-18,56,56,172481,4002132,10048,27573,730257,69461,1680587,1896,36620,,57798,1459,29780,15388,2096,5733,205,2020-04-18 23:59:59.000000 UTC
2020-04-17,56,56,172149,3829651,10889,31500,702684,67602,1611126,2116,34724,,58904,1289,28321,15493,2052,6098,187,2020-04-17 23:59:59.000000 UTC
2020-04-15,56,56,149278,3474456,16901,29834,639918,57485,1464212,2541,30412,,59930,1176,25771,15302,1710,6033,173,2020-04-15 23:59:59.000000 UTC
2020-04-14,56,56,160030,3325178,16663,25943,610084,73268,1406727,2356,27871,,59601,1466,24595,14735,1642,5981,171,2020-04-14 23:59:59.000000 UTC
2020-04-07,56,56,169756,2248139,16588,30416,400780,79011,937451,2042,13974,,43849,370,14627,9978,738,4047,43,2020-04-07 23:59:59.000000 UTC
2020-08-31,56,56,680649,86248932,11128,31720,5980439,180728,27068612,380,175751,,35476,710,274013,7054,17537,2080,1877,2020-08-31 23:59:59.000000 UTC
2020-07-05,56,56,620599,38572381,1885,45374,2882035,212886,13371517,214,122764,,38872,583,155701,8170,11010,2080,1064,2020-07-05 23:59:59.000000 UTC
2020-05-14,56,56,388786,10984434,2481,26796,1420540,135262,3849776,1846,82624,,45912,2711,77571,11338,6795,5940,582,2020-05-14 23:59:59.000000 UTC
2020-04-16,56,56,183046,3657502,16872,31266,671184,79312,1543524,2196,32608,,59500,1261,27032,15830,1834,5940,176,2020-04-16 23:59:59.000000 UTC
2020-07-06,56,56,650829,39223210,1907,40902,2922937,172741,13544258,233,122997,,39960,765,156466,8336,11058,2104,1070,2020-07-06 23:59:59.000000 UTC
2020-07-02,56,56,772899,36467032,2208,53511,2727601,229405,12701762,699,121653,,37645,1699,152890,7867,10843,2104,1041,2020-07-02 23:59:59.000000 UTC
2021-01-18,56,56,1771268,287952448,11477,150792,23916080,192825,63599369,1395,390287,,123848,2839,657443,23226,39973,7772,3865,2021-01-18 23:59:59.000000 UTC
2021-01-15,56,56,2309884,282148200,11948,246454,23359985,410997,62902360,3679,383130,,127235,4000,648398,23593,39626,7772,3845,2021-01-15 23:59:59.000000 UTC
2020-11-26,56,56,1467611,191969471,14856,129764,12903480,179941,49220614,1392,255181,,90564,2333,444893,18019,29673,5986,3153,2020-11-26 23:59:59.000000 UTC
2020-04-11,56,56,158549,2899065,16619,31323,531837,64373,1208805,2079,22187,,55563,1208,20131,13856,1399,5986,152,2020-04-11 23:59:59.000000 UTC
2021-01-11,56,56,1695767,274017787,11039,195255,22445404,225808,61518789,1733,367385,,129793,3045,630637,23501,38823,7786,3773,2021-01-11 23:59:59.000000 UTC
2020-12-19,56,56,1859539,233866045,12420,204873,17572778,200763,55481072,2708,307814,,113914,3429,539232,21692,34949,7786,3529,2020-12-19 23:59:59.000000 UTC
2020-12-18,56,56,2193466,232006506,13454,241786,17367905,450795,55280309,2866,305106,,113955,5214,535803,21745,34716,7786,3519,2020-12-18 23:59:59.000000 UTC
2020-08-17,56,56,702582,74752658,4298,37751,5400622,186974,24013625,411,162498,,43614,1224,252912,8881,15985,2444,1678,2020-08-17 23:59:59.000000 UTC
2020-07-22,56,56,901870,52675225,3051,69442,3937243,263888,17613013,1149,135433,,59759,2237,189851,10339,12792,2444,1258,2020-07-22 23:59:59.000000 UTC
2021-02-08,56,56,1400009,324485266,12114,77737,26875063,142156,69029225,1309,455455,,80055,1638,725692,16174,42833,5260,4080,2021-02-08 23:59:59.000000 UTC
2020-05-18,56,56,348667,12485861,2989,20613,1510779,131764,4375664,853,87125,,41935,803,81505,10423,7064,5260,602,2020-05-18 23:59:59.000000 UTC
2020-08-04,56,56,806693,63876973,3789,51205,4731136,236338,20861692,1242,148962,,53436,4423,222065,10207,14537,2701,1493,2020-08-04 23:59:59.000000 UTC
2020-07-31,56,56,988464,60749939,3956,67835,4523226,98958,19932106,1324,145507,,55718,2531,212867,10471,14044,2701,1437,2020-07-31 23:59:59.000000 UTC
2020-12-07,56,56,1653269,211008506,13484,181897,14955851,268980,51647749,1291,275315,,102122,3461,487081,20097,32120,7067,3328,2020-12-07 23:59:59.000000 UTC
2020-05-07,56,56,329708,8623256,3358,27228,1258072,94737,2971098,2732,72368,,51445,3553,64066,12832,5189,7067,529,2020-05-07 23:59:59.000000 UTC
2020-08-18,56,56,771994,75524652,4412,40070,5440692,205817,24219442,1179,163677,,43840,2261,255173,8859,16123,2467,1695,2020-08-18 23:59:59.000000 UTC
2020-07-23,56,56,929251,53604476,3179,71426,4008669,312090,17925103,1071,136504,,59862,2371,192222,10370,12933,2467,1280,2020-07-23 23:59:59.000000 UTC
2020-07-27,56,56,768987,57122702,3398,54484,4263804,243001,19050243,1066,140317,,58987,1632,200116,10183,13413,2723,1356,2020-07-27 23:59:59.000000 UTC
2020-07-26,56,56,859179,56353715,3361,60768,4209320,290147,18807242,561,139251,,58731,1380,198484,10424,13343,2723,1336,2020-07-26 23:59:59.000000 UTC
2021-01-14,56,56,2048899,279838316,12138,225616,23113531,305894,62491363,3915,379451,,128947,3792,644398,23891,39418,7878,3829,2021-01-14 23:59:59.000000 UTC
2021-01-10,56,56,2051661,272322020,10957,228732,22250149,270382,61292981,2068,365652,,129223,2413,627592,23640,38706,7878,3771,2021-01-10 23:59:59.000000 UTC
2020-12-27,56,56,1395240,248193350,10280,153540,19044826,204288,57654792,1397,324826,,118720,2302,565017,22447,36164,7878,3604,2020-12-27 23:59:59.000000 UTC
2021-01-04,56,56,1512611,260686674,9463,179571,20715626,148614,59422210,1547,344802,,128210,3892,597582,23435,37586,7930,3692,2021-01-04 23:59:59.000000 UTC
2020-12-30,56,56,1583713,252452699,14200,229496,19638128,215107,58381318,3900,333505,,125220,5514,579515,23069,36855,7930,3653,2020-12-30 23:59:59.000000 UTC
2020-03-31,56,56,114567,1183548,59550,25000,196965,44334,460602,909,4331,,18155,1492,6700,3487,230,506,,2020-03-31 23:59:59.000000 UTC
2020-03-30,56,56,100592,1068981,65369,21139,171965,50165,416268,584,3422,,15892,584,5208,3087,187,449,,2020-03-30 23:59:59.000000 UTC
2020-03-29,56,56,86974,968389,65404,19683,150826,41832,366103,506,2838,,14055,559,4624,2456,156,433,,2020-03-29 23:59:59.000000 UTC
2020-03-28,56,56,111430,881415,65698,19785,131143,68463,324271,550,2332,,12393,682,4065,2174,140,390,,2020-03-28 23:59:59.000000 UTC
2020-03-27,56,56,101260,769985,59795,19215,111358,45156,255808,411,1782,,10887,777,3383,1792,124,293,,2020-03-27 23:59:59.000000 UTC
2020-03-26,56,56,106945,668725,60131,17592,92143,42359,210652,313,1371,,7805,655,2606,1299,91,258,,2020-03-26 23:59:59.000000 UTC
2020-03-25,56,56,82429,561780,51143,12657,74551,33006,168293,241,1058,,5140,873,1951,,74,167,,2020-03-25 23:59:59.000000 UTC
2020-03-24,56,56,86845,479351,14368,10896,61894,33947,135287,235,817,,3938,261,1078,,,,,2020-03-24 23:59:59.000000 UTC
2020-03-23,56,56,57023,392506,14551,11190,50998,21109,101340,102,582,,2812,190,817,,,,,2020-03-23 23:59:59.000000 UTC
2020-03-22,56,56,52323,335483,3205,9228,39808,12428,80231,145,480,,2173,139,627,,,,,2020-03-22 23:59:59.000000 UTC
2020-03-21,56,56,52248,283160,3485,6940,30580,16060,67803,62,335,,1492,316,488,,,,,2020-03-21 23:59:59.000000 UTC
2020-03-20,56,56,49555,230912,3645,6100,23640,11805,51743,70,273,,1042,44,172,,,,,2020-03-20 23:59:59.000000 UTC
2020-03-19,56,56,39258,181357,3340,4606,17540,8361,39938,51,203,,617,34,128,,,,,2020-03-19 23:59:59.000000 UTC
2020-03-18,56,56,32196,142099,2372,3357,12934,5394,31577,26,152,,416,18,94,,,,,2020-03-18 23:59:59.000000 UTC
2020-03-17,56,56,26755,109903,1698,2128,9577,5856,26183,24,126,,325,33,76,,,,,2020-03-17 23:59:59.000000 UTC
2020-03-16,56,56,23114,83148,1834,1711,7449,10931,20327,22,102,,,6,43,,,,,2020-03-16 23:59:59.000000 UTC
2020-03-15,51,51,10202,60034,2117,1262,5738,1987,9396,15,80,,,10,37,,,,,2020-03-15 23:59:59.000000 UTC
2020-03-14,51,51,9816,49832,1236,1026,4476,1876,7409,8,65,,,4,27,,,,,2020-03-14 23:59:59.000000 UTC
2020-03-13,51,51,9733,40016,1035,858,3450,1241,5533,5,57,,,6,23,,,,,2020-03-13 23:59:59.000000 UTC
2020-03-12,51,51,6683,30283,673,677,2592,991,4292,9,52,,,5,17,,,,,2020-03-12 23:59:59.000000 UTC
2020-03-11,51,51,4447,23600,568,418,1915,1021,3301,6,43,,,3,12,,,,,2020-03-11 23:59:59.000000 UTC
2020-03-10,51,51,3322,19153,453,436,1497,494,2280,2,37,,,0,9,,,,,2020-03-10 23:59:59.000000 UTC
2020-03-09,51,51,2055,15831,315,304,1061,442,1786,4,35,,,3,9,,,,,2020-03-09 23:59:59.000000 UTC
2020-03-08,51,51,1130,13776,334,170,757,196,1344,4,31,,,0,6,,,,,2020-03-08 23:59:59.000000 UTC
2020-03-07,51,51,931,12646,521,142,587,274,1148,1,27,,,0,6,,,,,2020-03-07 23:59:59.000000 UTC
2020-03-06,40,40,2177,11715,482,138,445,161,874,6,26,,,1,6,,,,,2020-03-06 23:59:59.000000 UTC
2020-03-05,32,32,1515,9538,211,65,307,132,713,4,20,,,1,5,,,,,2020-03-05 23:59:59.000000 UTC
2020-03-04,26,26,890,8023,106,128,242,576,581,2,16,,,4,4,,,,,2020-03-04 23:59:59.000000 UTC
2020-03-03,16,16,279,7133,,42,114,2,5,3,14,,,0,,,,,,2020-03-03 23:59:59.000000 UTC
2020-03-02,12,12,203,6854,,30,72,1,3,3,11,,,0,,,,,,2020-03-02 23:59:59.000000 UTC
2020-03-01,11,11,96,6651,,24,42,2,2,3,8,,,0,,,,,,2020-03-01 23:59:59.000000 UTC
2020-02-29,8,8,65,6555,,3,18,0,,1,5,,,0,,,,,,2020-02-29 23:59:59.000000 UTC
2020-02-28,7,7,3,6490,,2,15,0,,2,4,,,0,,,,,,2020-02-28 23:59:59.000000 UTC
2020-02-27,7,7,6446,6487,,1,13,0,,0,2,,,0,,,,,,2020-02-27 23:59:59.000000 UTC
2020-02-26,6,6,0,41,,2,12,0,,2,2,,,0,,,,,,2020-02-26 23:59:59.000000 UTC
2020-02-25,6,6,1,41,,1,10,0,,0,0,,,0,,,,,,2020-02-25 23:59:59.000000 UTC
2020-02-24,6,6,2,40,,1,9,0,,0,0,,,0,,,,,,2020-02-24 23:59:59.000000 UTC
2020-02-23,6,6,0,38,,1,8,0,,0,0,,,0,,,,,,2020-02-23 23:59:59.000000 UTC
2020-02-22,6,6,1,38,,0,7,0,,0,0,,,0,,,,,,2020-02-22 23:59:59.000000 UTC
2020-02-21,6,6,1,37,,0,7,0,,0,0,,,0,,,,,,2020-02-21 23:59:59.000000 UTC
2020-02-20,6,6,1,36,,0,7,0,,0,0,,,0,,,,,,2020-02-20 23:59:59.000000 UTC
2020-02-19,6,6,6,35,,0,7,0,,0,0,,,0,,,,,,2020-02-19 23:59:59.000000 UTC
2020-02-18,6,6,0,29,,0,7,0,,0,0,,,0,,,,,,2020-02-18 23:59:59.000000 UTC
2020-02-17,6,6,1,29,,0,7,0,,0,0,,,0,,,,,,2020-02-17 23:59:59.000000 UTC
2020-02-16,6,6,2,28,,0,7,0,,0,0,,,0,,,,,,2020-02-16 23:59:59.000000 UTC
2020-02-15,6,6,4,26,,0,7,0,,0,0,,,0,,,,,,2020-02-15 23:59:59.000000 UTC
2020-02-14,5,5,0,22,,1,7,0,,0,0,,,0,,,,,,2020-02-14 23:59:59.000000 UTC
2020-02-13,5,5,1,22,,1,6,0,,0,0,,,0,,,,,,2020-02-13 23:59:59.000000 UTC
2020-02-12,5,5,1,21,,0,5,0,,0,0,,,0,,,,,,2020-02-12 23:59:59.000000 UTC
2020-02-11,5,5,1,20,,0,5,0,,0,0,,,0,,,,,,2020-02-11 23:59:59.000000 UTC
2020-02-10,5,5,1,19,,0,5,0,,0,0,,,0,,,,,,2020-02-10 23:59:59.000000 UTC
2020-02-09,4,4,0,18,,0,5,0,,0,,,,0,,,,,,2020-02-09 23:59:59.000000 UTC
2020-02-08,4,4,2,18,,0,5,0,,0,,,,0,,,,,,2020-02-08 23:59:59.000000 UTC
2020-02-07,4,4,0,16,,0,5,0,,0,,,,0,,,,,,2020-02-07 23:59:59.000000 UTC
2020-02-06,4,4,1,16,,2,5,0,,0,,,,0,,,,,,2020-02-06 23:59:59.000000 UTC
2020-02-05,4,4,0,15,,0,3,0,,0,,,,0,,,,,,2020-02-05 23:59:59.000000 UTC
2020-02-04,4,4,4,15,,0,3,0,,0,,,,0,,,,,,2020-02-04 23:59:59.000000 UTC
2020-02-03,4,4,3,11,,1,3,0,,0,,,,0,,,,,,2020-02-03 23:59:59.000000 UTC
2020-02-02,4,4,0,8,,0,2,0,,0,,,,0,,,,,,2020-02-02 23:59:59.000000 UTC
2020-02-01,4,4,0,8,,0,2,0,,0,,,,0,,,,,,2020-02-01 23:59:59.000000 UTC
2020-01-31,4,4,3,8,,0,2,0,,0,,,,0,,,,,,2020-01-31 23:59:59.000000 UTC
2020-01-30,4,4,0,5,,0,2,0,,0,,,,0,,,,,,2020-01-30 23:59:59.000000 UTC
2020-01-29,4,4,2,5,,0,2,0,,0,,,,0,,,,,,2020-01-29 23:59:59.000000 UTC
2020-01-28,3,3,0,3,,0,2,0,,0,,,,0,,,,,,2020-01-28 23:59:59.000000 UTC
2020-01-27,3,3,1,3,,0,2,0,,0,,,,0,,,,,,2020-01-27 23:59:59.000000 UTC
2020-01-26,2,2,0,2,,0,2,0,,0,,,,0,,,,,,2020-01-26 23:59:59.000000 UTC
2020-01-25,2,2,0,2,,0,2,0,,0,,,,0,,,,,,2020-01-25 23:59:59.000000 UTC
2020-01-24,2,2,0,2,,0,2,0,,0,,,,0,,,,,,2020-01-24 23:59:59.000000 UTC
2020-01-23,2,2,1,2,,0,2,0,,0,,,,0,,,,,,2020-01-23 23:59:59.000000 UTC
2020-01-22,2,2,1,1,,0,2,0,,0,,,,0,,,,,,2020-01-22 23:59:59.000000 UTC
2020-01-21,1,1,0,0,,1,2,0,,0,,,,0,,,,,,2020-01-21 23:59:59.000000 UTC
2020-01-20,1,1,0,0,,0,1,0,,0,,,,0,,,,,,2020-01-20 23:59:59.000000 UTC
2020-01-19,1,1,0,0,,1,1,0,,0,,,,0,,,,,,2020-01-19 23:59:59.000000 UTC
2020-01-18,1,1,0,0,,0,0,0,,0,,,,0,,,,,,2020-01-18 23:59:59.000000 UTC
2020-01-17,1,1,0,0,,0,0,0,,0,,,,0,,,,,,2020-01-17 23:59:59.000000 UTC
2020-01-16,1,1,0,0,,0,0,0,,0,,,,0,,,,,,2020-01-16 23:59:59.000000 UTC
2020-01-15,1,1,0,0,,0,0,0,,0,,,,0,,,,,,2020-01-15 23:59:59.000000 UTC
2020-01-14,1,1,0,0,,0,0,0,,0,,,,0,,,,,,2020-01-14 23:59:59.000000 UTC
2020-01-13,1,1,0,0,,0,,0,,0,,,,0,,,,,,2020-01-13 23:59:59.000000 UTC
2020-04-02,56,56,131146,1437715,62085,28135,251304,51405,556688,1175,6512,,22995,1320,9322,4513,305,576,32,2020-04-02 23:59:59.000000 UTC
2020-04-01,56,56,123021,1306569,59694,26204,223169,44681,505283,1006,5337,,20906,1302,8002,3937,256,561,32,2020-04-01 23:59:59.000000 UTC
2020-04-10,56,56,155771,2740516,17373,33778,500514,56216,1144432,2081,20108,,53167,1999,18923,12693,1179,5937,39,2020-04-10 23:59:59.000000 UTC
2020-04-09,56,56,171012,2584745,17634,34992,466736,82731,1088216,2054,18027,,51323,965,16924,12445,918,5798,39,2020-04-09 23:59:59.000000 UTC
2020-04-08,56,56,165594,2413733,17273,30964,431744,68034,1005485,1999,15973,,45359,1332,15959,10276,862,4142,39,2020-04-08 23:59:59.000000 UTC
2020-04-06,56,56,137734,2078383,17231,28260,370364,69846,858440,1314,11932,,36159,883,14257,7079,663,2961,39,2020-04-06 23:59:59.000000 UTC
2020-04-05,56,56,129412,1940649,17311,25843,342104,33621,788594,1340,10618,,32180,1131,13374,5811,609,650,39,2020-04-05 23:59:59.000000 UTC
2020-04-04,56,56,231115,1811237,15568,33122,316261,143525,754973,1478,9278,,30456,1732,12243,5500,403,656,39,2020-04-04 23:59:59.000000 UTC
2020-04-03,56,56,142407,1580122,61956,31835,283139,54760,611448,1288,7800,,25723,1189,10511,4928,335,623,39,2020-04-03 23:59:59.000000 UTC
2021-02-21,56,56,1232995,343445115,9442,58702,27880280,156778,71664501,1287,489147,,56159,997,753891,11862,44216,3915,4197,2021-02-21 23:59:59.000000 UTC
2021-02-20,56,56,1290481,342212120,9408,72354,27821578,141790,71507723,2160,487860,,58222,1732,752894,12120,44166,3932,4197,2021-02-20 23:59:59.000000 UTC
2020-08-16,56,56,785200,74050076,4302,42503,5362871,258191,23826651,617,162087,,44155,685,251688,8958,15924,2481,1665,2020-08-16 23:59:59.000000 UTC
2020-08-14,56,56,990725,72371796,4415,57144,5264365,308763,23318852,1226,160243,,45868,2141,249112,9277,15768,2555,1665,2020-08-14 23:59:59.000000 UTC
2021-03-01,56,56,1154440,355138357,11748,48092,28399281,118077,73334501,1241,504488,,46738,1024,766778,9595,44956,3171,4252,2021-03-01 23:59:59.000000 UTC
2021-02-28,56,56,1408422,353983917,11708,54349,28351189,203599,73216424,1051,503247,,47352,879,765754,9802,44907,3245,4252,2021-02-28 23:59:59.000000 UTC
2021-02-27,56,56,1655179,352575495,11731,71245,28296840,205090,73012825,1847,502196,,48871,1428,764875,10114,44875,3335,4252,2021-02-27 23:59:59.000000 UTC
2020-04-13,56,56,125464,3165148,17059,24136,584141,57296,1333459,1630,25515,,56283,2304,23129,14199,1549,6170,158,2020-04-13 23:59:59.000000 UTC
2020-04-12,56,56,140619,3039684,16425,28168,560005,67358,1276163,1698,23885,,55294,694,20825,14188,1449,5962,158,2020-04-12 23:59:59.000000 UTC
2020-06-01,56,56,419554,18619336,3977,20029,1811478,157898,6632978,676,101459,,34327,2752,121001,8354,8486,3950,704,2020-06-01 23:59:59.000000 UTC
2020-05-31,56,56,429140,18199782,3723,21694,1791449,147988,6475080,654,100783,,34914,698,118249,8373,8446,3669,704,2020-05-31 23:59:59.000000 UTC
2020-04-21,56,56,166966,4462056,3937,27354,808917,69105,1881486,2478,42677,,59795,1431,32832,15636,2315,5514,214,2020-04-21 23:59:59.000000 UTC
2020-04-20,56,56,143980,4295090,3983,24376,781563,63578,1812381,1814,40199,,56720,887,31401,15099,2193,5569,214,2020-04-20 23:59:59.000000 UTC
2020-04-19,56,56,148978,4151110,11306,26930,757187,68216,1748803,1765,38385,,56491,734,30514,15005,2145,5603,214,2020-04-19 23:59:59.000000 UTC
2020-04-26,56,56,205595,5742682,4165,27324,969366,75262,2003045,1212,51452,,56167,1109,39373,14753,2571,5119,227,2020-04-26 23:59:59.000000 UTC
2020-04-25,56,56,275824,5537087,5467,40697,942042,120083,1927783,1634,50240,,57346,1234,38264,15056,2516,5266,227,2020-04-25 23:59:59.000000 UTC
2020-04-24,56,56,246096,5261263,4370,31217,901345,75512,1807700,1973,48606,,57367,1198,37030,15274,2468,5194,227,2020-04-24 23:59:59.000000 UTC
2020-04-23,56,56,217920,5015167,4417,31938,870128,64683,1732188,1806,46633,,59215,1409,35832,15407,2428,5463,227,2020-04-23 23:59:59.000000 UTC
2020-04-22,56,56,335191,4797247,4231,29273,838190,-213981,1667505,2150,44827,,59204,1591,34423,15705,2370,5474,227,2020-04-22 23:59:59.000000 UTC
2020-04-28,56,56,216600,6153837,4064,25232,1017002,69502,2134963,2078,54804,,56041,1253,41809,14280,3798,4760,252,2020-04-28 23:59:59.000000 UTC
2020-04-27,56,56,194555,5937237,4030,22404,991770,62416,2065461,1274,52726,,56181,1183,40556,14496,3720,4867,252,2020-04-27 23:59:59.000000 UTC